
<h3>Connecting to the Server</h3>

<li>Use a command prompt that sets the path to c:\mysql\bin
<li>The following command connects to the server:
<li>mysql -u root -p
<li>you are prompted for the root password.
<li>you can now send comands and SQL statements to the server


<h3>WARNING</h3>

<li>Always assume that everything is case sensitive, especially table names.
<li>This is not the case in Windows XP but it is the case in Linux



<h3>Entering commands</h3> 
<li>Show all the databases
<li>SHOW DATABASES;
<pre>

mysql> SHOW DATABASES;
+-------------+
| Database    |
+-------------+
| bookstore   |
| employee_db |
| mysql       |
| student_db  |
| test        |
| web_db      |
+-------------+

</pre>






<h3>Entering commands (2)</h3>

<li>Choosing a database and showing its tables
<li>USE test;
SHOW tables;

<pre>
mysql> USE test;
Database changed
mysql> SHOW tables;
+----------------+
| Tables_in_test |
+----------------+
| books          |
| name2          |
| names          |
| test           |
+----------------+
4 rows in set (0.00 sec)
mysql>

</pre>


<h3>Entering commands (3)</h3>
<li>Show the structure of a table
<li>DESCRIBE names;

<pre>
mysql> DESCRIBE names;


+-----------+-------------+------+-----+---------+----------------+
| Field     | Type        | Null | Key | Default | Extra          |
+-----------+-------------+------+-----+---------+----------------+
| id        | int(11)     |      | PRI | NULL    | auto_increment |
| firstName | varchar(20) |      |     |         |                |
| lastName  | varchar(20) |      |     |         |                |
+-----------+-------------+------+-----+---------+----------------+
3 rows in set (0.00 sec)
mysql>

</pre>


<h3>Entering commands (4)</h3>
<li>Show the rows of a table (all columns)
<li>SELECT * FROM names;
<pre>

mysql> SELECT * FROM names;
+----+-----------+------------+
| id | firstName | lastName   |
+----+-----------+------------+
| 1  | Fred      | Flintstone |
| 2  | Barney    | Rubble     |
+----+-----------+------------+
2 rows in set (0.00 sec)
mysql>
</pre>


<h3>Entering commands (5)</h3>
<li>Inserting a new record
<li>INSERT INTO names (firstName,
lastName) VALUES ('Rock','Quarry');
<li>SELECT * FROM names;

<pre>
mysql> INSERT INTO names (firstName, lastName) VALUES ('Ralph', 'Quarry');
Query OK, 1 row affected (0.02 sec)
mysql> SELECT * FROM names;
+----+-----------+------------+
| id | firstName | lastName   |
+----+-----------+------------+
| 1  | Fred      | Flintstone |
| 2  | Barney    | Rubble     |
| 3  | Ralph     | Quarry     |
+----+-----------+------------+
3 rows in set (0.00 sec)
mysql>

</pre>


<h3>Entering commands (6)</h3>
<li>Updating a record
<li>UPDATE names SET lastName = 'Stone'
WHERE id=3;
<li>SELECT * FROM names;
<pre>
mysql> UPDATE names SET lastName = 'Stone' WHERE id=3;
Query OK, 1 row affected (0.28 sec)
Rows matched: 1 Changed: 1 Warnings: 0
mysql> SELECT * FROM names;
+----+-----------+------------+
| id | firstName | lastName   |
+----+-----------+------------+
| 1  | Fred      | Flintstone |
| 2  | Barney    | Rubble     |
| 3  | Ralph     | Stone      |
+----+-----------+------------+
3 rows in set (0.00 sec)
mysql>

</pre>

<h3>Logging output</h3>
<li>The commands you type and their ouput can be logged to a file by using the following command inside the MySQL command line client
<li>tee log.txt
<li>Here log.txt is the name of the file



<h3>Executing SQL files (1)</h3>
<li>It is usually better to use an editor to write an SQL script and send it to the server.
<li>A file of SQL commands such as books.sqlcan be executed by the server by using a command such as
<li>C:\mysql\bin\mysql -u root -p < books.sql
<li>This assumes that books.sqlis in your current directory. Otherwise the complete path to books.sqlmust be supplied


<li>A file of SQL commands such as books.sql can also be executed from inside the MySQL client using the source command source c:\.....\books.sql
<li>Here the full path to books.sql should be used.

<li>MySQL comes with a tutorial and complete documentation in a HUGE file:c:\mysql\Docs\manual.html
<li>Table of contents with links: c:\mysql\Docs\manual_toc.html
<br>Use this file to locate the link to the topic you are interested in.

<h3>Database concepts (1)</h3>
<li>A relational database management system consists of a number of databases.
<li>Each database consists of a number of tables.





<h3>Some SQL data types (1)</h3>
<li>Each entry in a row has a type specified by the column.
<li>Numeric data types
<li>TINYINT, SMALLINT, MEDIUMINT,
<li>INT, BIGINT
<li>FLOAT(display_length, decimals)
<li>DOUBLE(display_length, decimals)
<li>DECIMAL(display_length, decimals)
<li>NUMERICis the same as DECIMAL


<h3>Some SQL data types (2)</h3>
<li>Date and time types
<li>DATE
<li>format is YYYY-MM-DD
<li>DATETIME
<li>format YYYY-MM-DD HH:MM:SS
<li>TIMESTAMP
<li>format YYYYMMDDHHMMSS
<li>TIME
<li>format HH:MM:SS
<li>YEAR
<li>default length is 4


<h3>SQL data types (3)</h3>
<li>String types
<li>CHAR
<li>fixed length string, e.g., CHAR(20)
<li>VARCHAR
<li>variable length string, e.g., VARCHAR(20)
<li>BLOB, TINYBLOB, MEDIUMBLOB, LONGBLOB
<li>same as TEXT, TINYTEXT...
<li>ENUM
<li>list of items from which value is selected


<h3>SQL commands SHOW, USE</h3>
<li>SHOW
<li>Display databases or tables in current database;
<li>Example (command line client):
<li>show databases;
<li>show tables;
<li>USE
<li>Specify which database to use
<li>Example
<li>use bookstore;


<h3>The CREATE Command (1)</h3>
<li>CREATE creates a database table
<pre>
CREATE TABLE table_name
(
column_name1 column_type1,
column_name2 column_type2,
...
column_nameN column_typeN
);
Note: To create a database use the statement
CREATE db_name;
</pre>


<li>The CREATE Command (2)
<li>Specifying primary keys
<pre>
CREATE TABLE table_name
(
column_name1 column_type1 NOT NULL
DEFAULT '0',
column_name2 column_type2,
...
column_nameN column_typeN,
PRIMARY KEY (column_name1)
);


</pre>


<h3>The CREATE Command (3)</h3>
<li>autoincrement primary integer keys
<pre>
CREATE TABLE table_name
(
column_name1 column_type1 PRIMARY
KEY NOT NULL DEFAULT '0'
AUTO_INCREMENT,
column_name2 column_type2,
...
column_nameN column_typeN,
);

</pre>


<h3>The CREATE Command (4)<h3>
<li>Can also create UNIQUE keys. They are similar to PRIMARY KEYS but can have NULL values.
<li>Can also create INDEX fields.




<h3>Conditional Creation</h3>

<li>Conditional database creation
<li>CREATE DATABASE IF NOT EXISTS db_name;
<li>Conditional table creation




<h3>The DROP Command</h3>
<li>To delete databases and tables use the DROP command
<li>Examples
<li>DROP DATABASE db_name;
<li>DROP DATABASE IF EXISTS db_name;
<li>DROP TABLE table_name;
<li>DROP TABLE IF EXISTS table_name;
Note: Don't confuse DROPwith DELETEwhich deletes rows
of a table.
<li>CREATE TABLE IF NOT EXISTS table_name;




<h3>The INSERT Command</h3>
<li>Inserting rows into a table
<pre>
INSERT INTO table_name
( col_1, col_2, ..., col_N)
VALUES
( val_1, val_2, ..., val_N);
String values are enclosed in single quotes by default
but double quotes are also allowed. Literal quotes
need to be escaped using \' and \"

</pre>




<h3>The SELECT Command (1)</h3>
<li>Selecting rows from a table<br>SELECT * FROM table_name;
<li>Simplest form: select all columns
<li>Select specified columns<br>SELECT column_list FROM table_name;
<li>Conditional selection of rows<br>SELECT column_list FROM table_name
WHERE condition;



<h3>The SELECT Command (2)<h3>
??Specifying ascending row ordering<br>SELECT column_list FROM table_name
<br>WHERE condition
<br>ORDER by ASC;
??Specifying descending row ordering<br>SELECT column_list FROM table_name
<br>WHERE condition
<br>ORDER by DESC;





